IISc_SPICORProject_EN_F_AGRI_1821|The company's management includes Shashwat Goenka, Debasish Banerjee, Rabi Chowdhury, Pratip Chaudhuri, Kalaikuruchi Jairaj, Rekha Sethi, Chandra Kumar Dhanuka, Pradip Kumar Khaitan, Sanjiv Goenka
IISc_SPICORProject_EN_F_AGRI_417|Bahujan Buddhijibi Forum members Bandhu Sethi, Sangram Mallick, Mamata Behera, Rabi Sethi, Babaji Jena, Ram Nayak, Gajendra Mallick and Bijay Turuju graced as guests
IISc_SPICORProject_EN_F_AGRI_7256|Rabi labanya, Kishore Swain, Manoranjan Tripathy, Krushna Chandra Aichi, Bipin Kumar Mohanty, Sarbeshwar Das, Ajay Sahu, Gyan Beura and Ramesh Mohapatra were jury members
IISc_SPICORProject_EN_F_AGRI_5127|Chiranjibi Das, Arun Kumar Khandual, Rabi Narayan Mohanty, Bijayananda Senapti, Krushna Chandra Parida and Manoj Kumar Mohanty coordinated the programme
IISc_SPICORProject_EN_F_AGRI_4870|The suspended servitors are Damodar Mahasuar, Ipsit Pratihari, Rabi Das, Rabi Khuntia and Bhagirathi Khuntia, Jaykrushna Mahasuar, Saina Khuntia, Bhimsen Palankadhari and Kashinath Khuntia
IISc_SPICORProject_EN_F_AGRI_3837|Many celebrities, film stars, politicians, and artists including Rekha, Madhuri Dixit, Aishwarya Rai, Tina Ambani, Cherry Blaire and Alicia Keys have adorned Asha's designs
IISc_SPICORProject_EN_F_AGRI_1716|Rohit Kumura, Chiranjid Nayak, Tusharkanta Senapati, Nirakar sahoo, Sitakanta Rout, Smruti Ranjan Biswal, Rabi Say and Bagun Singh Jarika were present
IISc_SPICORProject_EN_F_AGRI_2735|Posters recovered from Gadchiroli identified some of the women as Indra, Dhanni, Geeta, Anita, Swarupa, Santila, Pramila, Seema, Reshma, Vasanti, Champa and Mamta
IISc_SPICORProject_EN_F_AGRI_6492|The company's management includes Bhavna Bindra, D Parameswara Reddy, Colleen Wood Cordova, Alexander Broetz, Vinayak K Deshpande, B Anjani Kumar, Bhagya Chandra Rao
IISc_SPICORProject_EN_F_AGRI_6338|Water flooded Bangadi, Killurupete, Didupe, Malavanthi, Neriya, Belthangady, Kolli, Kadirudyavara, Kallamanja, Belluru, Ujire, Neerchilume and Panjiradka in Belthangady taluk
IISc_SPICORProject_EN_F_AGRI_273|The arrestees were identified as Pramod Kumar Das, Bijaya Pradhan, Chinmaya Pradhan of Jajpur town, Rabi Rao of Visakhapatnam and Bhima Raju of Sorada
IISc_SPICORProject_EN_F_AGRI_5999|Among others, Sanjay Kant Patra, Niranjan Mohanty, Pravat Kumar Purohit, Girish Bisoyi, Gauri Shankar Dash and Rabi Moharana participated in the discussion
IISc_SPICORProject_EN_F_AGRI_2746|Meanwhile, the six remaining constants are Dennis Suohu, Tokali Jakhalu, Lipok Longkumer, Disuang Sago Zeliang, Mhomo Ngullie and Vikhuli Achumi
IISc_SPICORProject_EN_F_AGRI_1329|James Nash, Ben Sharples, Deema Almashabi, Zaid Sabah, Kambiz Foroohar, Kasia Klimasinska, Dana Khraiche and Nafeesa Syeed contributed to this story
IISc_SPICORProject_EN_F_AGRI_4886|Mohanty was accompanied by party’s State V P Ramaranjan Baliarsingh, secretary Doctor Lekhashree Samantasinghar, convenors Rabi Sankar Patnaik, Jayant Jena and lawyer Satyabrata Nayak
IISc_SPICORProject_EN_F_AGRI_77|Satyawart Kadian had moved into the final, pinning down Jordan’s Zaid Husein, Mohamad Haroun Shishani and Tajikistan Rustam Iskandari
IISc_SPICORProject_EN_F_AGRI_4111|Documents that Mint has reviewed show that these investments, as recommended by Bedi, were approved by Malvinder Singh, Anurag Kalra and Jasbir Grewal
IISc_SPICORProject_EN_F_AGRI_6227|Rushikulay Rayat Mahasabha president Trinath Biswal and Odisha Chashi Surakshya Abhiyan convenor Rabi Rath made these urges at a meeting held here on Tuesday
IISc_SPICORProject_EN_F_AGRI_1530|Mediapersons like Sarada lahangir, Bipin Bihari Mishra, Bhabani Mohapatra, Rabi Narayan Sahoo, Debranjan Sahoo would get awards among many other personalities
IISc_SPICORProject_EN_F_AGRI_2260|Rainfall is expected in most places across Kerala and Lakshadweep and at isolated regions over Madhya Maharashtra, Marathwada, Goa, Karnataka, Tamilnadu, Puducherry and Karaikal
IISc_SPICORProject_EN_F_AGRI_1260|Trump's order has provoked widespread outrage, including from technology firms, with executives from Google, Microsoft, Facebook, Apple and Netflix expressing concerns over the ban
IISc_SPICORProject_EN_F_AGRI_6940|Vedike president Velzibai Masani, Malpe Fishermen Association president Sathish Kunder, Fisheries Cooperative Marketing Federation president Yashpal Suvarna and others were present
IISc_SPICORProject_EN_F_AGRI_1970|Mandira Bedi, Zayed Khan, filmmaker Ayan Mukherji and other popular Bollywood celebs were clicked exiting popular Bandra restaurant Olive
IISc_SPICORProject_EN_F_AGRI_1350|Similarly, poet Hussain Rabi Gandhi would get the year's Bhanuji Rao Samman and writer Indira Das the Binapani Mohanty Katha Sahitya Purashkar
IISc_SPICORProject_EN_F_AGRI_1742|USA changed its name to Automobili Pininfarina Americas Inc. and EPC Industri Limited changed its name to Mahindra EPC Irrigation Limited.
IISc_SPICORProject_EN_F_AGRI_2067|The attacks damaged or knocked out oil tanker convoys, oil processing plants, storage facilities, pumping stations, pipelines and refineries
IISc_SPICORProject_EN_F_AGRI_7395|Nestled in Malcha Marg market, the store houses large dedicated designer rooms for Anamika Khanna, Payal Khandwala, Raw Mango and Peachoo
IISc_SPICORProject_EN_F_AGRI_7206|Kareena Kapoor Khan, filmmaker Vidhu Vinod Chopra, Anupama Chopra and other celebs were recently snapped exiting popular Mumbai nightspot Olive
IISc_SPICORProject_EN_F_AGRI_2793|Mohanty had demanded bribes from one Nimain Charan Dutta of Tarajipa village Raibania police limits in the district for processing of mutation cases
IISc_SPICORProject_EN_F_AGRI_2012|Ranbir Batra asserts that the place's signature dishes include Pizzas, Pastas, Enchiladas, Onion Rings, Cheese Corn Balls and Ice Cream Sodas
IISc_SPICORProject_EN_F_AGRI_4072|Byte, a new video sharing app released Friday to compete with ByteDance Incorporated's TikTok, has rocketed to the top of Apple Incorporated's U S App Store
IISc_SPICORProject_EN_F_AGRI_3838|It features Rudra, Upasana, Rajkumar with supporting actors like Pushpa Panda, Jeena samal, Nilamani Sahoo, Rabi Mishra, Ram Balak , Rabi Kumar
IISc_SPICORProject_EN_F_AGRI_1825|PAC members Ananta Das, Naba Kishore Das, Chiranjib Biswal, Sameer Das, Pramila Mallik, Saroj Samal and Rabi Narayan Mohapatra were present at the meeting
IISc_SPICORProject_EN_F_AGRI_1452|Water of these three mine pits would be supplied in Sinidih, Nawaghar, Mohanpur, Bansjora, Brahamadih, Chatudih and Malkera villages through pipelines, he said
IISc_SPICORProject_EN_F_AGRI_2597|A five member delegation comprising Panchanan Kanungo, Kishore Jena, Prafulla Samantara, Rabi Behera and Suresh Panigrahi submitted a two point charter of demands
IISc_SPICORProject_EN_F_AGRI_6574|The Indian companies that made the remittances include A K Enterprises, Vandana Impex, Seagull Traders, Dabang Marketing and Trading and Bankey Bihari Tradelinks, among others
IISc_SPICORProject_EN_F_AGRI_6026|These milk processing units located at State Industrial Development Corporation Lassipora in South Kashmir’s Pulwama district are Zum Zum, Haleeb, KohiSheen and Naimat.
IISc_SPICORProject_EN_F_AGRI_6095|Effigies of Siddaramaiah, Jayalalithaa and Karnataka's Water Resources Minister M B Patil were also burnt at several places by activists of the pro Kannada Rakshana Vedike
IISc_SPICORProject_EN_F_AGRI_6106|Public Relations, Water Resources and Parliamentary Affairs Minister Narottam Mishra on Sunday participated in programmes organised in village Hatheli and Sitapur in Datia district
IISc_SPICORProject_EN_F_ENTE_1210|Resource persons were third year mechanical engineering students, Tanmay Bhagat, Bahar Phadte, Malaika Korgaonker, Priya Ghogale, Ruturaj Phadte, Siddhant Panjikar and Sejel Martins
IISc_SPICORProject_EN_F_ENTE_6106|hashtag If Super heroes Were Indian Superman's Father - Woh sab theek hai par Bank Exams ke forms bhar de jaldi, agle mahine exams hai
IISc_SPICORProject_EN_F_ENTE_6968|Employees from Pauri, Haridwar, Nainital, Udham Singh Nagar, Tehri, Uttarkashi, Almora, Bageshwar, Pithoragarh and other districts would take part in the training programme
IISc_SPICORProject_EN_F_ENTE_4251|Requires Salesman for Jammu, Poonch, Rajouri, Doda, Bhaderwah, Udhampur, Katra, Kathua, Experience in selling of FMC Products with good communication skills and target oriented.
IISc_SPICORProject_EN_F_ENTE_2095|Angrezi Medium song Nachan Nu Jee Karda- Radhika Madan dances her heart out, aces Hrithik, Ranveer Singh's movies
IISc_SPICORProject_EN_F_ENTE_4006|A Dibakar Banerjee find, Rao earlier showed her skills in films Band Baaja Baaraat, Ishqiya, Oye Lucky Lucky Oye
IISc_SPICORProject_EN_F_ENTE_4601|The State resources persons Kishor Kumar Verma, Nawneet Gaur, Sukra Oraon and Sanjay Nath Deogharia played vital roles in the training programme
IISc_SPICORProject_EN_F_ENTE_3017|The unorganised sectors are petrol pumps, shopping malls, nursing homes, shops , showrooms, private schools and colleges, hotels and lodges and many others
IISc_SPICORProject_EN_F_ENTE_1729|Union Home Secretary Ajay Bhalla, Director of Intelligence Bureau Arvind Kumar, Congress leader Subhash Chopra, B J P's Manoj Tiwari and Ramvir Bidhuri attended the meeting
IISc_SPICORProject_EN_F_ENTE_5000|Thus, it prevents degenerative changes in our musculoskeletal system, prevents premature ageing and prevents Alzheimer's disease, says Doctor Vrunda Lotlikar, Medical Consultant, Birla Ayurveda
IISc_SPICORProject_EN_F_ENTE_1730|Solution providers are progressively integrating additional softwarebased, often cloud based, functionalities into robotics systems, Remy Glaisner, Research Director at I D C's Worldwide Robotics- Commercial Service Robots
IISc_SPICORProject_EN_F_ENTE_2323|Jaago begins with the lines 'Doob raha hai ye desh Jee lo yeh zindagi Ya chhodo ye jawani'
IISc_SPICORProject_EN_F_ENTE_3895|After this, the artists performed 'More Satguru Hoon Rangrej', 'More Satguru Jee Dini Hai Gyan' and 'Raha Reh Maan' respectively
IISc_SPICORProject_EN_F_ENTE_2941|Doctor YAHYA NASHEET and RASHEED ANJUM have been appointed Visiting Fellows in Jamia Millia Islamia, Department of Urdu's Tagore Research and Translation project
IISc_SPICORProject_EN_F_ENTE_4544|That is the real challenge, says Shanti Chaudhary, president of the Shreejana Vikas Kendra, a Kathmandu based organisation which holds training workshops in villages
IISc_SPICORProject_EN_F_ENTE_1404|Nawaz Sharif Muhammad Safdar Pakistan Nawaz Sharif son in law Maryam Sharif Panama Papers National Accountability Bureau Sharif family investigation
IISc_SPICORProject_EN_F_ENTE_6666|Susmita Misra, a market research professional, Sonali Dhawan, entrepreneur, Rajdipa Behura, lawyer, Manisha Gawade, artist, Susmita Verma Mohanty, entrepreneur
IISc_SPICORProject_EN_F_ENTE_2712|Jammu- Jammu Kashmir Medical Employees Federation during their visit of district Doda constituted new bodies at blocks Ukhral, Banihal and Ramban
IISc_SPICORProject_EN_F_ENTE_5337|Cockroaches and other insects including scorpions and centipedes have been ingredients in traditional Chinese medicine for thousands of years called Kangfuxin Ye, Geng said
IISc_SPICORProject_EN_F_ENTE_3578|mint india wire Toppr Technologies Alteria Capital learning platform Zishaan Hayath Hemanth Goteti SAIF Partners Eight Roads Helion Venture Partners
IISc_SPICORProject_EN_F_ENTE_1951|It includes setting up a shell assembly shop,bogie shop,wheel shop,paint shop,machine shop,stores for logistic support,the administrative building,technical training centre,hostel,housing,service buildings,shopping and sports complexes
IISc_SPICORProject_EN_F_ENTE_7011|AMRI joined hands with French drugmaker Sanofi Aventis S A,which sells Allegra and filed the lawsuit
IISc_SPICORProject_EN_F_ENTE_4399|Councillors Pratima Coutinho, Sadanand Naik, Tito Cardoz and Damodar Shirodkar held a discussion on the proposed budget
IISc_SPICORProject_EN_F_ENTE_734|The Mukta Chintana Mancha, Odisha organised the event including a discussion on the topic Odia Chalachitra ra Diga O Diganta
IISc_SPICORProject_EN_F_ENTE_1941|Those who took part in this discussion were Aisha Jalal, Shazia Sikandar, Venkat Dholipala, Nishad Hazari and Arushi Botalia
IISc_SPICORProject_EN_F_ENTE_2925|In France, Laxmi started learning bharatnatyam under Armelle Choquard and later, Dominique Delorme, who were both disciples of V S Muthuswami Pillai
IISc_SPICORProject_EN_F_ENTE_6468|The research which is partly funded by the Bhabha Atomic Research Centre includes Jajjal, Burj Sema, Sheikhpura, Giana, Kamalu villages
IISc_SPICORProject_EN_F_ENTE_1209|Pune based Shifu Kanishka Sharma talks about teaching Madhuri Dixit Nene the techniques of martial arts for her upcoming film Gulab Gang
IISc_SPICORProject_EN_F_ENTE_1306|Top doubles pairings of Satwiksairaj Rankireddy Chirag Shetty and Sikki Reddy Ashwini Ponappa will also miss action owing to exams and illness
IISc_SPICORProject_EN_F_ENTE_5296|Intelligence agencies say Chinese soldiers entered disputed areas and in some cases constructed bunkers and hoisted Chinese flags
IISc_SPICORProject_EN_F_ENTE_2464|The source said, The discussion with the three strong supporters of Yeddyurappa - Basavaraj Bommai, Umesh Katti and V Somanna - has yielded results
IISc_SPICORProject_EN_F_ENTE_7167|The company has produced around nine movies so far, including blockbuster Jaane Tu Ya Jane Na, Ashutosh Gowariker's Khelenge Jee Jaan Se and Aisha
IISc_SPICORProject_EN_F_ENTE_4427|The programme, called Shishu Tirtha, includes training in journalistic techniques, use of microphones and recording devices, and writing scripts and storyboards
IISc_SPICORProject_EN_F_ENTE_484|Panel discussion followed on reclaiming humanity through literature with Rahman Abbas, Isa Kamari, Shafey Kidwai and Ziya Us Salam as participants
IISc_SPICORProject_EN_F_ENTE_5967|Dual degree students of the department, Suthirth Vaidya and Abhijith Chunduru, joined the research group, guided by Dr Ramanathan Muthuganapathy and me
IISc_SPICORProject_EN_F_ENTE_4647|Murudkar,along with his colleague Piyush Solankar,will be teaching the Mahatma Phule pagdi,Mawli pagdi,Shahi turbans and of course,the Puneri pheta
IISc_SPICORProject_EN_F_ENTE_5862|Besides the Tanzanian troops, the C T C is involved in training forces from other countries in East Africa including Kenya, Uganda, Rwanda and Burundi
IISc_SPICORProject_EN_F_ENTE_4497|Ministers, including the law Minister, have broken the age-old tradition by relaxing and hobnobbing with Daitapatis at the prohibited Savar Palli and Sagadi, said Mohapatra
IISc_SPICORProject_EN_F_ENTE_5541|Calling modern lifestyle superfast, Modi urged Indian scientists to plan and take up research whose results will offer longterm solutions to problems plaguing society
IISc_SPICORProject_EN_F_ENTE_926|Davinder Kour has been promoted regularized as Principal Tutor while Doctor Dara Singh has been promoted regularized as Medical Superintendent from Incharge Medical Superintendent
IISc_SPICORProject_EN_F_EVAL_00393|MahaShivratri, a Hindu festival, celebrated annually in honor of the Lord Shiva, refers to the night when Lord Shiva performs the heavenly dance.
IISc_SPICORProject_EN_F_EVAL_00341|'A Suitable Boy', a novel by Vikram Seth, is one of the longest novels published in a single volume.
IISc_SPICORProject_EN_F_EVAL_00369|India is home to quite a few unique styles of martial arts, some of which have ancient origins.
IISc_SPICORProject_EN_F_EVAL_00370|In Indian culture, eating with hands is a widespread practice as fingers being heat receptors, prevent the mouth from burning and boost digestion.
IISc_SPICORProject_EN_F_EVAL_00339|Science fiction fandom is the "Communication of the literature of ideas, the culture in which new ideas emerge and grow before being released into society at large.
IISc_SPICORProject_EN_F_EVAL_00024|Riya had already called him twice, he'll be here soon.
IISc_SPICORProject_EN_F_EVAL_00005|I'm going to buy some ice-cream, which flavor do you need?
IISc_SPICORProject_EN_F_EVAL_00111|What were the passengers up to when the incident happened?
IISc_SPICORProject_EN_F_EVAL_00199|Why did you cancel our after school programme, Nayan?
IISc_SPICORProject_EN_F_EVAL_00141|Do you really think Mohit will make it to the finals this time?
IISc_SPICORProject_EN_F_EVAL_00037|Riya is making some pancakes right now, would you like some?
IISc_SPICORProject_EN_F_EVAL_00035|Are you going anywhere during the vacations or you'll be here only?
IISc_SPICORProject_EN_F_EVAL_00205|Largest Mumbai is the cotton textile center in the country.
IISc_SPICORProject_EN_F_EVAL_00099|Have you shopped from that place before?
IISc_SPICORProject_EN_F_EVAL_00021|Can you please lend me a thousand bucks?
IISc_SPICORProject_EN_F_EVAL_00175|Why are there so many puddles everywhere?
IISc_SPICORProject_EN_F_EVAL_00149|Where did you stay during your visit to Ladakh?
IISc_SPICORProject_EN_F_EVAL_00125|Whom have you called home in the evening, Maria?
IISc_SPICORProject_EN_F_EVAL_00123|Why is there so much traffic on roads today?
IISc_SPICORProject_EN_F_EVAL_00165|Was there much traffic on the roads this morning?
IISc_SPICORProject_EN_F_EVAL_00045|Would you want to sprinkle some onions over this?
IISc_SPICORProject_EN_F_EVAL_00018|Did you take them as prescribed by the doctor?
IISc_SPICORProject_EN_F_EVAL_00031|Who has painted that painting? It's so beautiful.
IISc_SPICORProject_EN_F_EVAL_00155|Is it only me or everyone couldn't finish the article?
IISc_SPICORProject_EN_F_EVAL_00139|Do you need any help with your assignment, Manish?
IISc_SPICORProject_EN_F_EVAL_00033|Are you going to get my watch repaired today or not?
IISc_SPICORProject_EN_F_EVAL_00077|Did you get our car serviced after that long journey?
IISc_SPICORProject_EN_F_EVAL_00041|Can you please open the door for me, my hands are dirty!
IISc_SPICORProject_EN_F_EVAL_00187|Who had evacuated this whole town and why?
IISc_SPICORProject_EN_F_EVAL_00129|Who had recommended that lawyer to you? Do you know him?
IISc_SPICORProject_EN_F_EVAL_00069|Did you hear about the sale running on Myntra right now?
IISc_SPICORProject_EN_F_EVAL_00039|Have you finished writing the report I asked you about yesterday?
IISc_SPICORProject_EN_F_EVAL_00109|Does your dog eat green beans or he only eats Pedigree?
IISc_SPICORProject_EN_F_EVAL_00131|I can't find my new coat mom which I bought from New York?
IISc_SPICORProject_EN_F_EVAL_00167|Did you enjoy your stay there? I heard that you lost your wallet?
IISc_SPICORProject_EN_F_EVAL_00001|Does it help that your wife understands what it's like to be in the public eye?
IISc_SPICORProject_EN_F_EVAL_00264|The are police investigating case the that on happened Saturday night.
IISc_SPICORProject_EN_F_EVAL_00263|The at staff school not are happy with new their working conditions.
IISc_SPICORProject_EN_F_EVAL_00053|Have you got your passport with you?
IISc_SPICORProject_EN_F_EVAL_00161|Is that John near that shop?
IISc_SPICORProject_EN_F_EVAL_00119|Where have you been since evening?
IISc_SPICORProject_EN_F_EVAL_00038|Of course , you know they're my favorite.
IISc_SPICORProject_EN_F_EVAL_00157|Would you like Chicken or Fish for dinner?
IISc_SPICORProject_EN_F_EVAL_00071|How much more do we have to wait for the train?
IISc_SPICORProject_EN_F_EVAL_00047|Why do you always sit alone and cry, Tom?
IISc_SPICORProject_EN_F_EVAL_00115|Can you hear what the professor is saying?
IISc_SPICORProject_EN_F_EVAL_00133|Why did you decide to join the police force?
IISc_SPICORProject_EN_F_EVAL_00145|Did you get a chance to meet John last month?
IISc_SPICORProject_EN_F_EVAL_00009|Would you like to join us for a holiday in Goa?
IISc_SPICORProject_EN_F_EVAL_00101|Would you like to have some dessert after the meal?
IISc_SPICORProject_EN_F_EVAL_00052|Did you forget your wallet at home again?
IISc_SPICORProject_EN_F_EVAL_00061|Are you sure that Rahul won't like this shirt?
IISc_SPICORProject_EN_F_EVAL_00177|Did you finish reading the book I gave to you?
IISc_SPICORProject_EN_F_EVAL_00055|Can you help me find my favorite blue shirt?
IISc_SPICORProject_EN_F_EVAL_00003|Why are you feeling so low today, what's wrong with you?
IISc_SPICORProject_EN_F_EVAL_00195|How did the police identify the missing boy?
IISc_SPICORProject_EN_F_EVAL_00181|Why is John not going to college these days?
IISc_SPICORProject_EN_F_EVAL_00173|Is Mahi still sleeping or is she awake?
IISc_SPICORProject_EN_F_EVAL_00193|Is it a good one as I haven't been here before?
IISc_SPICORProject_EN_F_EVAL_00147|Do we need any milk or do we have enough of it?
IISc_SPICORProject_EN_F_EVAL_00191|Did you inform Andrea about the meeting today?
IISc_SPICORProject_EN_F_EVAL_00183|Is there any bread left on the table for us?
IISc_SPICORProject_EN_F_EVAL_00097|Would you like to have a table near the window sir?
IISc_SPICORProject_EN_F_EVAL_00043|What did you have for breakfast? Are you still hungry?
IISc_SPICORProject_EN_F_EVAL_00179|Did you hear that sound? It must be a burglar?
IISc_SPICORProject_EN_F_EVAL_00121|You've lost so much weight lately! What's the secret?
IISc_SPICORProject_EN_F_EVAL_00158|I don't mind either of them. I enjoy eating both.
IISc_SPICORProject_EN_F_EVAL_00034|Definitely, I will get it done on my way back home.
IISc_SPICORProject_EN_F_EVAL_00095|I can drop you on my way to the office if you don't mind.
IISc_SPICORProject_EN_F_EVAL_00169|Is it some mechanical problem that our car is facing?
IISc_SPICORProject_EN_F_EVAL_00007|Did you see yourself becoming an entrepreneur at some point in time?
IISc_SPICORProject_EN_F_EVAL_00248|Can please you me tell where the nearest is public telephone?
IISc_SPICORProject_EN_F_EVAL_00249|Would of one you tell please me why I join can't your club?
IISc_SPICORProject_EN_F_EVAL_00135|Why is he still living in that old house even after earning so much money?
IISc_SPICORProject_EN_F_EVAL_00214|The took robber out a knife and to intended frighten old the man.
IISc_SPICORProject_EN_F_FOOD_2758|The funding was led by Salesforce Ventures with additional funding from existing investors, including Softbank Investment Advisers and Goldman Sachs
IISc_SPICORProject_EN_F_FOOD_7163|Analyst Yuichi Ishida of Mizuho Investors Securities said production problems at Toshiba could benefit rivals including Samsung
IISc_SPICORProject_EN_F_FOOD_3455|At several unicorns including Ola, Paytm and Rivigo, founders and senior employees have received large cash payouts from secondary share sales and bonus awards
IISc_SPICORProject_EN_F_FOOD_159|O C A Credit provides structured lending solutions to mid-sized corporations that are underserved by commercial banks or that seek alternatives to private equity funding
IISc_SPICORProject_EN_F_FOOD_3567|Currently, its portfolio includes Dixcy Textiles, Quest Global Services, Crompton Greaves Consumer Electricals, Manjushree Technopack and Ask Investment Advisors
IISc_SPICORProject_EN_F_FOOD_3140|Savings through Aadhaar can fund three schemes of the size of Ayushman Bharat, claims Arun Jaitley
IISc_SPICORProject_EN_F_FOOD_3598|The Maharashtra education department asked schools to accept fees via Paytm and other forms of cashless payments
IISc_SPICORProject_EN_F_FOOD_1837|Shiv Sena Bala Saheb Thackeray Jammu and Kashmir unit has demanded G S T and bank interest waiver for farmers
IISc_SPICORProject_EN_F_FOOD_6702|Neeraj Arora is an I I T Delhi, I S B graduate who has previously worked with top internet firms including Paytm and Google
IISc_SPICORProject_EN_F_FOOD_1396|Raine Group L L C, Robey Warshaw L L P and Mizuho Securities Co are acting as financial advisers to SoftBank, it said
IISc_SPICORProject_EN_F_FOOD_557|Existing investors in the company include Danish Microfinance Partners, Microvest Capital Management, SBI Ven Capital and Shorecap.
IISc_SPICORProject_EN_F_FOOD_261|Shares in South Korea are still closely eyeing further risks from the North, said Rhoo Yongseok, a stock analyst at K B Securities in Seoul
IISc_SPICORProject_EN_F_FOOD_5467|Flintstone Technologies challenges an R B I circular, prohibiting banks and financial institutions from providing services to cryptocurrencies
IISc_SPICORProject_EN_F_FOOD_3738|The Tokyo Stock Exchange earlier this month removed Toshiba from its watchlist for delisting citing better internal controls and efforts to improve corporate governance
IISc_SPICORProject_EN_F_FOOD_265|Businesses have the inherent tendency of gravitating to developed zones, Investors feel more secure about returns on investment from developed zones
IISc_SPICORProject_EN_F_FOOD_1692|Ideally, when the R B I cuts repo rates, banks should reduce their M C L Rs, leading to a reduction in interest rates on loans to customers
IISc_SPICORProject_EN_F_FOOD_1138|At the workshop, sales tax officer Sher Singh Dabur, Assistant Sales Tax Officer Ajeet Bhale and Assistant Sales Tax Officer Jaya Sharma were present
IISc_SPICORProject_EN_F_FOOD_496|Cashfree dot com has launched U P I Stack for Businesses, allowing businesses to collect and disburse U P I payments with minimal integration effort
IISc_SPICORProject_EN_F_FOOD_1142|Investment banks Kotak Mahindra Capital Company, C L S A India, D S P Merrill Lynch and Goldman Sachs are managing the initial share sale of SAMHI
IISc_SPICORProject_EN_F_FOOD_1917|Dignitaries of Jamkash Vehicleades launching Maruti Suzuki CIAZ Smart Hybrid Car on Friday
IISc_SPICORProject_EN_F_FOOD_2|R B I Raghuram Rajan Jammu and Kashmir Mehbooba Mufti financing corporate debt restructuring
IISc_SPICORProject_EN_F_FOOD_5429|Currency futures traders also make arbitrage benefits out of different exchange rates in different markets and exchanges
IISc_SPICORProject_EN_F_FOOD_1911|Brokering firms Nomura Securities and Yamaichi Securities are also studying Indian financial business
IISc_SPICORProject_EN_F_FOOD_64|Paytm plans to start distributing mutual funds and advising customers through a new downloadable mobile phone app
IISc_SPICORProject_EN_F_FOOD_515|Guggenheim Securities, T D Securities Incorporated and Centerview Partners advised Thomson Reuters
IISc_SPICORProject_EN_F_FOOD_7252|Altico is backed by marquee investors like Clearwater Capital Partners, Abu Dhabi Investment Council and Varde Partners
IISc_SPICORProject_EN_F_FOOD_487|Banks charge a monthly rate of interest on converted transactions, says Aditya Kumar, founder and C E O of Qbera dot com
IISc_SPICORProject_EN_F_FOOD_3254|Maharashtra Revenue Minister Balasaheb Thorat on Monday said Bollywood movies Tanhaji and Chhapaak be made tax free in the state
IISc_SPICORProject_EN_F_FOOD_5909|The Income Tax department conducted raids on the premises of Jyotsna Suri, M D of Bharat Hotels, in a tax evasion case on Monday
IISc_SPICORProject_EN_F_FOOD_1430|U P I also provides an option for scheduling push and pull transactions for various purposes like sharing bills among peers
IISc_SPICORProject_EN_F_FOOD_3340|At the meeting, Sudhir Srivastava, Additional Secretary and Nitin Kareer, Commissioner, Sales Tax explained the proposed new tax
IISc_SPICORProject_EN_F_FOOD_543|Minority creditors, such as Edelweiss Asset Reconstruction say Synergies Dooray promoters have gamed the system by buying out bad loans
IISc_SPICORProject_EN_F_FOOD_461|Sameer Nigam, C E O and CoFounder of PhonePe said, The PhonePe platform has witnessed incredible transaction volume growth over the past few months
IISc_SPICORProject_EN_F_FOOD_942|Tax experts said the angel tax provisions for startups need to be appropriately modified and provisions need to be reevaluated to cover all startups
IISc_SPICORProject_EN_F_FOOD_3857|PhonePe has been aggressively expanding its offline merchant network as part of a broader goal of establishing itself as the preeminent digital payments brand
IISc_SPICORProject_EN_F_FOOD_2799|Subprime concerns seem to be easing, said Masayoshi Yano, senior manager of investment information at Tokai Tokyo Securities Company Limited
IISc_SPICORProject_EN_F_FOOD_350|Major asset managers and investment banks such as J P Morgan, Citi and BlueBay Asset Management ramped up their exposure to emerging markets in recent weeks,
IISc_SPICORProject_EN_F_FOOD_210|Citic Securities Company and Guosen Securities Company plunged by the daily limit in Shanghai after saying they were under investigation for alleged rule violations
IISc_SPICORProject_EN_F_FOOD_441|Teabox fundraising J A F C O Asia Accel Partners tea beverages startups venture capital Keystone Group Dragoneer Investment Group
IISc_SPICORProject_EN_F_FOOD_3818|Aaykar Parivar Udhampur celebrated Independence Day at Income Tax Office, Udhampur where the National Flag was unfurled by Income Tax Officer, Durga Kaul
IISc_SPICORProject_EN_F_FOOD_6881|All fraudulent transactions were made at various A T Ms in Mohali and Kharar when victims had their debit cards in their possession suggesting card cloning
IISc_SPICORProject_EN_F_HEAL_2431|Some of the most commonly prescribed Ayurveda drugs are Agastya Rasayana, Chyavanaprash, Kanakaasava, Sitopaladi Churna, Swasa Kasa Chintamani rasa, Shringyadi Kwatha, Pushkaramulasava, Swasakuthara rasa, Vasantha Kusumakara rasa
IISc_SPICORProject_EN_F_HEAL_644|Blood spilled in many places from Nanoor, Mayreshwar, Mangalkot, Raina, Ketugram, Galsi, Sadaipur, Putunda, Tamutala, Mahadebpur, Ausgram, Ichilabad, Amta, Arambagh and elsewhere
IISc_SPICORProject_EN_F_HEAL_1651|The Blood Bank's Doctor Rashmita Panigrahi, Pradeep Kumar Subudhi, Sushant Kumar Panigrahi, Ramhari Panda, Naga Bhusan Pradhan and Damburu Bahadur Karki coordinated the camp
IISc_SPICORProject_EN_F_HEAL_2530|Award Winning films like Padma Nadir Majhi by Gautam Ghosh, Ek Doctor ki Maut by Tapan Sinha and Ray's Agantuk were processed at Rupayan Laboratory
IISc_SPICORProject_EN_F_HEAL_1776|Chemotherapy drugs, including interferons, pamidronate, cisplatin, carboplatin, cyclosporine, tacrolimus, quinine, mitomycin C, bevacizumab, and antithyroid drugs, including propylthiouracil, used to treat overactive thyroid
IISc_SPICORProject_EN_F_HEAL_2169|The Good Life Shoba Narayan Renuka Devi Mathurabai Kenchamma Devaki Jain Meera Sanyal Mallika Sarabhai Sarojini Naidu Lounge
IISc_SPICORProject_EN_F_HEAL_1041|Architect Mihir Thaker Design logic Ogilvy and Mather Creative spirit Garden office Workstations Piyush Pandey Aparna Piramal Raje Radhika Desai Business of Life Homes
IISc_SPICORProject_EN_F_HEAL_2154|The other subpoenaed companies include Mylan N V, Lannett Company Inc, Impax Laboratories Inc, Endo Pharmaceuticals P l c, Par Pharmaceutical Companies Inc and Allergan P L C
IISc_SPICORProject_EN_F_HEAL_1413|Contacts- Emeraude- www dot emeraudecruises dot com Asia OutdoorsSlo Pony Adventures- www dot slopony dot com Life Heritage Resort Hoi An- www dot liferesorts dot com
IISc_SPICORProject_EN_F_HEAL_655|Emraan Hashmi and Sobhita Dhulipala starrer Bard Of Blood is created by Bilal Siddiqi and Gaurav Verma and is directed by Ribhu Dasgupta
IISc_SPICORProject_EN_F_HEAL_1508|Various terms such as asthisaushirya, asthidaurbalya, asthi sheeran , asthi shunyata and asthimadam appear in Ayurveda texts to describe asthi kshaya
IISc_SPICORProject_EN_F_HEAL_2107|Jaundice has spread in a number of localities in Raipur city including D D Nagar, Kankalipara, Brahmanpara, Baijnathpara, Telibandha, Shailendra Nagar and Pandri
IISc_SPICORProject_EN_F_HEAL_1982|Zydus Technologies has a manufacturing plant in Gujarat while Zydus Noveltech has a manufacturing plant through its wholly owned entity, Hercon Pharmaceuticals L L C U S A
IISc_SPICORProject_EN_F_HEAL_3135|mint india wire Doctors Without Borders Pfizer Pneumonia vaccine monopoly biosimilar Pharmaceuticals Patents Act Serum Institute Panacea Biotec Aurobindo Pharma Tergene Biotech GlaxoSmithKline
IISc_SPICORProject_EN_F_HEAL_4009|He moved to films and penned Bagh Hat Dakhvun, Fakira, Ek Dav Dhobi Pacchhad Sukhant and Taryanche Bait
IISc_SPICORProject_EN_F_HEAL_3764|Akshay Kumar Sahu, Snigdha Ray, Janhabi Sethy, Sabuta Das, Gaurishankar Malik of Keonjhar Blood Bank conducted the programme
IISc_SPICORProject_EN_F_HEAL_190|J K L F leaders Haq Nawaz, Aabid Gilgiti, Doctor Toqeer, Rafiq Ahmad Dar and Muhammad Saleem Haroon were also present on the occasion
IISc_SPICORProject_EN_F_HEAL_4075|Among others, district Collector Prem Chandra Chaudhury, A D M O Doctor Prasanta Kumar Patro, Jagadish Patro and District Malaria Officer Umakanta Mishra were present
IISc_SPICORProject_EN_F_HEAL_3387|It had earlier signed generic product outsourcing agreements with two Indian drugmakers- Aurobindo Pharma Limited In Hyderabad and Claris LifeSciences Limited In Ahmedabad
IISc_SPICORProject_EN_F_HEAL_2605|C F G D chief coordinator Doctor Nitin Pandey, Himanshu Arora, Anish lal from C F G D, members of Intas Pharmaceuticals and others were also present on the occasion
IISc_SPICORProject_EN_F_HEAL_2515|I did eight films — Viruddh, Life Ho Toh Aisi, Padamshree Laloo Prasad Yadav, etc
IISc_SPICORProject_EN_F_HEAL_1378|Khordha- The Ananta Charan Kabi Kunja Smruti Sansad organised a programme Kabi Pain Dinatiye' here on Thursday
IISc_SPICORProject_EN_F_HEAL_1064|Dr Musadiq Mehraj, after finishing his degree in Physiotherapy has started his own Fitness Centre, ‘Velocity ’ at Alamgari Bazar, here.
IISc_SPICORProject_EN_F_HEAL_2389|While homes contribute television sets, mobiles and chargers, hospitals and diagnostic institutions dump cathode ray tubes, ECG devices etc
IISc_SPICORProject_EN_F_HEAL_3670|Patanjali Ayurveda had tiedup with Amazon, Flipkart, ShopClues, bigbasket com, 1mgOfficial, Grofers and NetMeds
IISc_SPICORProject_EN_F_HEAL_87|Glenmark Pharmaceuticals partners biological drugs Glenn Saldanha Natco Pharma Cadila Healthcare chronic pain autoimmune disorder
IISc_SPICORProject_EN_F_HEAL_1583|Attending the event as the chief guest, Natural Treatment Centre Kayakalpa doctor Doctor Guru Charan Jena focused on Aurobindo's dreams on Akhand Bharat
IISc_SPICORProject_EN_F_HEAL_3054|Ashis Ray's Laid to Rest- The Controversy Over Subhas Chandra Bose's Death , is foreworded by Anita Pfaff, Bose's daughter by Emilie Schenkl
IISc_SPICORProject_EN_F_HEAL_3027|Zydus Pharmaceuticals U S A Inc has initiated a nationwide voluntary recall of acyclovir and carvedilol tablets in the U S for labelling mixup
IISc_SPICORProject_EN_F_HEAL_622|Upon becoming an Honorary Life Member of M C C, Inzamam joined fellow Pakistan cricketers including Imran Khan, Wasim Akram, Waqar Younis, and Shahid Afridi
IISc_SPICORProject_EN_F_HEAL_3008|Srinagar- The residents of Bota Kadal, Dhobi Mohalla, have accused the authorities of endangering their lives by letting the mainholes of drains remain lidless
IISc_SPICORProject_EN_F_HEAL_1642|Also recommended by the ministry is a list of preventive Unani treatments such as shadanga paniya, consuming samshamani, agastya haritaki among other Unani drugs
IISc_SPICORProject_EN_F_HEAL_2191|Aama Odisha chairman Soumya Ranjan Patnaik and secretary Swaraj Mishra, volunteer Snehalata Prusty, Municipality Hospital Blood Bank Officer Jayadev Ghosh were present
IISc_SPICORProject_EN_F_HEAL_681|The sources added that barracks, control rooms, watchtowers, X ray scanners, roadblocks and barriers are either being constructed afresh or refurbished ahead of the takeover
IISc_SPICORProject_EN_F_HEAL_3343|The Good Life Shoba Narayan Jaeger Le Coultre Breguet Breitling Blancpain I W C Patek Philippe Omega Rolex Columnist Narayan
IISc_SPICORProject_EN_F_HEAL_1746|Indira Chowdhury Ananya Dasgupta A Masterful Spirit- Homi J Bhabha Vikram Sarabhai- A Life Bertrand Russell Ludwig Wittgenstein Nobel Lounge
IISc_SPICORProject_EN_F_HEAL_2184|Ramaswamy has collaborated with art forms such as flamenco,Balinese chants,contemporary poetry and photography,the last for a piece titled Where the Hands go,the Eyes Follow
IISc_SPICORProject_EN_F_HEAL_2527|Other regular futures like Bluetooth, video audio support, frontback cameras and multimedia enabled Tablets can be easily repaired at dedicated service centres in district headquarters
IISc_SPICORProject_EN_F_LIBR_2989-138028-0024|of countless princes monarchs lords medes assyrians persians greeks and barbarians all these lineages and lordships have ended in a point and come to nothing
IISc_SPICORProject_EN_F_LIBR_5652-39938-0014|but all the subtle variations of prejudices and beliefs preferences and dislikes family life and social surroundings ambitions and prospects memories and fancies
IISc_SPICORProject_EN_F_LIBR_3259-158083-0010|colorado springs missus genevieve williams manitou fourth group indiana missus charles w barnes indianapolis oklahoma missus kate stafford oklahoma city
IISc_SPICORProject_EN_F_LIBR_150-132655-0028|dionysius of syracuse pyrrhus perseus hannibal jugurtha ariovistus caesar pompey nero otho vitellius domitian
IISc_SPICORProject_EN_F_LIBR_5456-62014-0004|dey all made der bre'kfus offen roas'in' years er de new cawn an den de darnse begun an lasted fo days an fo nights
IISc_SPICORProject_EN_F_LIBR_4397-15678-0016|paved broadways and boulevards substantial business blocks schools churches factories and foundries the lusty titanic clang of boiler making may be heard there
IISc_SPICORProject_EN_F_LIBR_3259-158083-0008|missus george scott montclair pennsylvania missus lawrence lewis miss elizabeth mcshane miss katherine lincoln philadelphia third group california missus william kent kentfield
IISc_SPICORProject_EN_F_LIBR_6925-80680-0065|from her severed hands and head there fell into the cauldron bracelets and chains of rubies and diamonds
IISc_SPICORProject_EN_F_LIBR_1034-121119-0094|madame danglars trembled with fear villefort started with joy arrested he exclaimed he was taken at compiegne and all is over
IISc_SPICORProject_EN_F_LIBR_445-123857-0012|outbraves his dignity, for sweetest things turn sourest by their deeds, lilies that fester smell far worse than weeds
IISc_SPICORProject_EN_F_LIBR_2289-152254-0008|he built great fleets and sailed over the mediterranean capturing trading vessels for many years he plundered towns along the coasts
IISc_SPICORProject_EN_F_LIBR_446-123501-0017|their noses were but longitudinal slits in the centre of their faces midway between their mouths and ears there was no hair on their bodies
IISc_SPICORProject_EN_F_LIBR_3723-171631-0007|must contribute to that as children to their parents as all persons to all kinds of superiors though oftentimes those parents or those superiors
IISc_SPICORProject_EN_F_LIBR_3436-172162-0003|so they made them ready and these were the names of the knights sir kay the seneschal sir agrivaine sir brandiles sir sagramour le desirus
IISc_SPICORProject_EN_F_LIBR_405-130895-0030|some of these jellyfish were shaped like very smooth hemispheric parasols with russet stripes and fringes of twelve neat festoons others looked like
IISc_SPICORProject_EN_F_LIBR_405-130895-0027|in these waterways our nets brought up fine samples of algae in particular certain fucus plants whose roots were laden with the world's best mussels
IISc_SPICORProject_EN_F_LIBR_3214-167606-0034|everywhere in mozhaisk and beyond it troops were stationed or on the march cossacks foot and horse soldiers wagons caissons and cannon were everywhere
IISc_SPICORProject_EN_F_LIBR_2691-156755-0000|captain frisbie wedding festivities the masterpiece of grandma's youth senora vallejo jackie's return his death a cherokee indian who had stood by my father's grave
IISc_SPICORProject_EN_F_LIBR_3259-158083-0012|des moines missus catherine martinette eagle grove fifth group new york miss lucy burns new york city district of columbia missus harvey wiley louisiana
IISc_SPICORProject_EN_F_LIBR_5456-62014-0007|dar ain gwine be no trouble bout dat kase i kin do talkin nuff fer two
IISc_SPICORProject_EN_F_LIBR_8108-280359-0015|and hid himself between two stones the gods entered the house and looked all round in vain for loki
IISc_SPICORProject_EN_F_LIBR_4680-16041-0013|he shunned the patrols he avoided the sentinels he made a circuit reached the rue de bethisy
IISc_SPICORProject_EN_F_LIBR_6531-61334-0050|layard excavated the emperor's palace and dispatched to london among other treasures of antiquity
IISc_SPICORProject_EN_F_LIBR_730-359-0012|i abstained and satisfied myself with berries nuts and roots which i gathered from a neighbouring wood
IISc_SPICORProject_EN_F_LIBR_8312-279790-0029|but i will love no one except florina soussio employed persuasions threats promises entreaties
IISc_SPICORProject_EN_F_LIBR_150-132655-0027|athaliah by jehoiada the kings jehoiakim jeconiah and zedekiah were led into captivity
IISc_SPICORProject_EN_F_LIBR_1841-150351-0022|large posts are set in the ground at the corners and ends of the building cross logs are then placed upon the middle posts
IISc_SPICORProject_EN_F_LIBR_4397-15678-0039|set in a romantic dell thatched with dripping mosses and ferns and empowered in dense evergreens and blooming bushes
IISc_SPICORProject_EN_F_LIBR_163-122947-0076|applies to that which has to be fashioned bruised forged stretched roasted annealed refined
IISc_SPICORProject_EN_F_LIBR_5456-62014-0002|you chillen is wusser dan night owls said the old woman ef you keeps on wid dis settin' up all night bizness
IISc_SPICORProject_EN_F_LIBR_8425-292520-0022|and pale votaries shiver with the cold that numbs the earth and etches patterned mirrors on the ponds whan that aprille
IISc_SPICORProject_EN_F_LIBR_27-124992-0033|that their children might not be made a prey and their wives carried off and their cities destroyed and their holy things profaned
IISc_SPICORProject_EN_F_LIBR_3699-19402-0026|your honour replied the corporal knows of tom's misfortunes but this affair has nothing to do with them any further than this
IISc_SPICORProject_EN_F_LIBR_5390-30102-0000|chapter seven louise scents a mystery louise merrick was the eldest of uncle john's nieces having just passed her eighteenth birthday
IISc_SPICORProject_EN_F_LIBR_4898-28461-0036|of those deep accumulations of mosses leaves and decaying trunks which make so damp and unclearable mass in the coast forests
IISc_SPICORProject_EN_F_LIBR_8108-280354-0001|and he played so sweetly when they passed the rocks of the sirens that the dreadful monsters sang their most alluring strains in vain
IISc_SPICORProject_EN_F_LIBR_2136-5147-0014|vous savez les malades see never visitors she replied with a startled sort of tartness and a momentary energy besides i cannot converse
IISc_SPICORProject_EN_F_LIBR_6531-61334-0047|the kurdish mountains whose snowy summits cherished the dying sunbeams yet struggled with the twilight the bleating of sheep and lowing of cattle
IISc_SPICORProject_EN_F_LIBR_2007-149877-0053|drouet followed him with his eyes much interested doesn't look much like a man who sees spirits does he said drouet oh i
IISc_SPICORProject_EN_F_LIBR_7178-34645-0017|christina seized monaldeschi had him confessed and assassinated and said i am the queen of sweden in the palace of the king of france
IISc_SPICORProject_EN_F_LIBR_8063-274116-0007|porthos clawed hold of some peas which were twined round poles stuck into the ground and ate or rather browsed upon them shells and all
IISc_SPICORProject_EN_F_LJSP_LJ010-0010|Street robberies offered fewer inducements to depredators, and evildoers were compelled to adopt other methods of preying upon their fellows
IISc_SPICORProject_EN_F_LJSP_LJ006-0165|sometimes he looked at his bolts and bars, but he never examined the cupboards, coal boxes, or other possible hiding places for cards
IISc_SPICORProject_EN_F_LJSP_LJ003-0081|Persons convicted of publishing libels were still immured in the same rooms with transports and felons
IISc_SPICORProject_EN_F_LJSP_LJ002-0189|No fixed rates or rules governed the hiring out of rooms or parts of a room, and all sorts of imposition was practised
IISc_SPICORProject_EN_F_LJSP_LJ012-0034|diamonds refaced, all marks by which other articles might be identified, the selvages of linen, the stamps on shoes,
IISc_SPICORProject_EN_F_LJSP_LJ027-0106|Other well-known examples among vertebrates are- Vestiges of hind limbs in certain snakes, reduced wings in the Apteryx and ostriches,
IISc_SPICORProject_EN_F_LJSP_LJ007-0104|the parliamentary agents of the members whose election was impugned, were implicated in aiding and abetting the others to abscond, and a Mr O'Mally,
IISc_SPICORProject_EN_F_LJSP_LJ037-0123|and the Commission has inquired into general lineup procedures used by the Dallas police as well as the specific procedures in the lineups involving Oswald
IISc_SPICORProject_EN_F_LJSP_LJ018-0396|The greatest causes celebre, however, of recent times were the turf frauds by which the Comtesse de Goncourt was swindled
IISc_SPICORProject_EN_F_LJSP_LJ008-0211|Gin shops and coffee-houses were the first to open doors, and touts began to bid for tenants for the various rooms upstairs
IISc_SPICORProject_EN_F_LJSP_LJ032-0084|made by photographing the Oswald cards, retouching the resulting negatives, and producing prints from the retouched negatives
IISc_SPICORProject_EN_F_LJSP_LJ033-0016|Oswald travelled between Dallas and Irving on weekends in a car driven by a neighbour of the Paines, Buell Wesley Frazier
IISc_SPICORProject_EN_F_LJSP_LJ014-0045|that Delarue had suffered by the hands of imaginary outraged brothers acting as the avengers of females deeply injured by him
IISc_SPICORProject_EN_F_LJSP_LJ041-0170|Thornley testified, quote, At which time he looked at me like a betrayed Caesar and screamed, screamed definitely, Not you, too, Thornley
IISc_SPICORProject_EN_F_LJSP_LJ002-0126|five thousand, seven hundred nineteen writs and executions for debts between ten pounds and twenty pounds were issued in Middlesex
IISc_SPICORProject_EN_F_LJSP_LJ046-0025|This planning document has been made a part of the Commission's published record, the underlying staff and consultants' reports reviewed by the Commission have not,
IISc_SPICORProject_EN_F_LJSP_LJ013-0260|Good himself remained at large for some weeks He had tramped as far as Tunbridge, where he obtained work as a bricklayer's labourer,
IISc_SPICORProject_EN_F_LJSP_LJ010-0127|The reckless demeanour of all the convicts except Davidson was most marked Thistlewood and Ings sucked oranges on the scaffold,
IISc_SPICORProject_EN_F_LJSP_LJ032-0083|Experts on questioned documents from the Treasury Department and the F B I testified that the Hidell cards were counterfeit photographic reproductions
IISc_SPICORProject_EN_F_LJSP_LJ017-0233|The second mate, who had heard the hammering of the capstan-bars and the handspikes, with the first mate's and captain's agonised cries, had come out,
IISc_SPICORProject_EN_F_LJSP_LJ034-0088|Three invoices on this clipboard, each dated November twenty two, were for Scott-Foresman books, located on the first and sixth floors
IISc_SPICORProject_EN_F_LJSP_LJ030-0145|showed the numerals twelve thirty as the Vice-Presidential automobile proceeded north on Houston Street, a few seconds before the shots were fired
IISc_SPICORProject_EN_F_LJSP_LJ017-0079|Meanwhile the bill discounters who held the forged acceptances, with other promissory notes, began to clamour for payment, and talk of issuing writs
IISc_SPICORProject_EN_F_LJSP_LJ006-0063|minor offenders charged with small thefts or non payment of small sums were cheek by jowl with convicts sentenced to long terms of transportation
IISc_SPICORProject_EN_F_LJSP_LJ034-0106|Brennan described the man in similar terms, except that he gave the weight as between one hundred sixty-five and one hundred seventy-five pounds and the height was omitted
IISc_SPICORProject_EN_F_LJSP_LJ028-0104|lined the shores of the rivers with embankments, and spanned the rivers with bridges
IISc_SPICORProject_EN_F_LJSP_LJ050-0102|John Schrank, and Guiseppe Zangara - four assassins or would-be assassins
IISc_SPICORProject_EN_F_LJSP_LJ016-0318|Other officials, great lawyers, governors of prisons, and chaplains supported this view
IISc_SPICORProject_EN_F_LJSP_LJ025-0014|Cuvier devotes a special section to the Division of Organised Beings into Animals and Vegetables,
IISc_SPICORProject_EN_F_LJSP_LJ035-0141|If Miss Adams accurately recalled meeting Shelley and Lovelady when she reached the bottom of the stairs,
IISc_SPICORProject_EN_F_LJSP_LJ016-0264|The upturned faces of the eager spectators resembled those of the 'gods' at Drury Lane on Boxing Night
IISc_SPICORProject_EN_F_LJSP_LJ030-0068|Kellerman's responsibilities included maintaining radio communications with the lead and follow-up cars
IISc_SPICORProject_EN_F_LJSP_LJ002-0176|Neild gives a list of the various items charged upon a debt of ten pounds, which included instructions to sue
IISc_SPICORProject_EN_F_LJSP_LJ006-0196|Prisoners confessed that it was a favourite occupation, the chief games being shoving halfpence on the table
IISc_SPICORProject_EN_F_LJSP_LJ031-0154|Secret Service agents stationed at later stops on the President's itinerary of November twenty-two were redeployed
IISc_SPICORProject_EN_F_LJSP_LJ015-0162|Just after Robson's frauds had agitated the minds of all directors of companies, the chairman of the Great Northern
IISc_SPICORProject_EN_F_LJSP_LJ028-0276|a marvellous thing happened to Zopyrus, son of the Megabyzus who was among the seven men that overthrew the Magus
IISc_SPICORProject_EN_F_LJSP_LJ003-0091|Constantly associated with these convicted felons were numbers of juveniles, infants of tender years
IISc_SPICORProject_EN_F_LJSP_LJ032-0236|By checking the actual mailing dates of these issues and the time it usually takes to effect delivery to Dallas
IISc_SPICORProject_EN_F_LJSP_LJ016-0180|But Calcraft regularly succeeded Foxen, who followed Botting, and Dennis, the actor in the seventeen eighty riots
IISc_SPICORProject_EN_F_LJSP_LJ009-0202|In eighteen eleven Williams, who murdered the Marrs in Ratcliffe Highway, having committed suicide in jail to escape hanging,
IISc_SPICORProject_EN_F_LJSP_LJ028-0296|thou coverest the foulest deeds with the fairest possible name, when thou sayest thy maiming is to help our siege forward
IISc_SPICORProject_EN_F_LJSP_LJ028-0379|fearing the wild beasts and evil spirits which lurk among all old ruins, refused to pitch their tents there
IISc_SPICORProject_EN_F_LJSP_LJ014-0336|Last of all, the well known bankers Overend and Gurney, whose own affairs created much excitement some years later,
IISc_SPICORProject_EN_F_OTHE_3341|Ut wisi enim ad minim veniam, quis nostrud exerci tution ullam corper suscipit lobortis nisl ut aliquip ex ea commodo consequat
IISc_SPICORProject_EN_F_OTHE_3331|Ramayan serial ke baad aisi hansi sunne ka saubhagya aaj jaake mili hai, Modi said
IISc_SPICORProject_EN_F_OTHE_1530|Home Bollywood Janhvi Kapoor says Anshula got rape threats over Koffee With Karan, Priyanka Chopra says trolls compare her to her dog
IISc_SPICORProject_EN_F_OTHE_2242|Gajapati Nagar, Gobinda Nagar, Basudev Nagar, Neelanchala Nagar were inundated with the rainwater, officials said
IISc_SPICORProject_EN_F_OTHE_3332|Among trains cancelled were the Bhubaneswar Tirupati Express, Bhubaneswar CST Mumbai Konark Express, Bhubaneswar Yeshwantpur Express, railway sources said.
IISc_SPICORProject_EN_F_OTHE_2899|Agar aap logon ki aur upar wale ki yehi khawish hai, he says
IISc_SPICORProject_EN_F_OTHE_1437|Desh ki janta aapse se chaar peedhi ka hisaab maang rahi hai, Shah said
IISc_SPICORProject_EN_F_OTHE_500|Tu idhar udhar ki baat na kar, yeh bta kaarwaan kyun loota, he said
IISc_SPICORProject_EN_F_OTHE_3222|Harishankar Trivedi, Ram Kishore Trivedi, Umesh Bajpai, Shivam Trivedi and Shubham Trivedi set her afire, she had said
IISc_SPICORProject_EN_F_OTHE_740|Jitan Ram Manjhi with Bihar C M Nitish Kumar File photo of Jitan Ram Manjhi with Bihar C M Nitish Kumar , A N I
IISc_SPICORProject_EN_F_OTHE_1579|Chhyaanchhraa, chhenki, ghonto, chorchori, shuktuni, ombol, I quipped, safely stashing my chocolate digestives away before Gee got a chance to Kondo them
IISc_SPICORProject_EN_F_OTHE_3165|Home Bollywood Anushka Sharma bids emotional goodbye to Virat Kohli, says goodbyes never get easier with time
IISc_SPICORProject_EN_F_OTHE_78|Mithlesh Sharma, Shailesh Sharma, Mukesh Sharma and Suresh Sharma presented a spiritual performance before the audiences
IISc_SPICORProject_EN_F_OTHE_928|The ad also parodied Pepsi Co India's famous Yeh Dil Maange More tagline and the Pepsi roller coaster ad that the company made famous globally
IISc_SPICORProject_EN_F_OTHE_550|Talking to reporters at the Chhattisgarh Assembly premises, Baghel said earlier too Jogi had announced to contest from Kasdol assembly segment, Baghel said
IISc_SPICORProject_EN_F_OTHE_2750|Now i wish ki Bigg Boss se bahar nahi aana chahiye so much of negativity outside waha kisi fikr nahi pic dot twitter dot com i T F w s u q nine o B
IISc_SPICORProject_EN_F_OTHE_3360|Koi bhi shakhs aise mukaam pe akele nahin pahunchta, he said
IISc_SPICORProject_EN_F_OTHE_670|Kya kare, nazar lagi gayi hai kisi ki, forward S V Sunil said
IISc_SPICORProject_EN_F_OTHE_3531|Evernote has really revolutionised my notetaking patterns, says author Samit Basu
IISc_SPICORProject_EN_F_OTHE_1270|The Rythu Aikyatha Sabha would be held at Armoor near Nizamabad, the farmers’ leaders said
IISc_SPICORProject_EN_F_OTHE_680|Mehbooba urges P M Modi to accept Imran Khan's call for Indo Pak talks
IISc_SPICORProject_EN_F_OTHE_93|Home News Editor's Picks Modi pays tribute to Jayprakash Narayan, Nanaji Deshmukh
IISc_SPICORProject_EN_F_OTHE_3105|Home Bollywood Kalki Koechlin shares the toughest moments from daughter Sappho's birth, thanks her doula
IISc_SPICORProject_EN_F_OTHE_2051|Chandrakanta's executive producer Shrey Guleri says the serial costs Rupees twentyfive lakh per episode
IISc_SPICORProject_EN_F_OTHE_2078|Home Bollywood Pagalpanti director Anees Bazmee says his film will remind people of Vijay Mallya, Nirav Modi
IISc_SPICORProject_EN_F_OTHE_633|Pune based Manjiri Latey, the country's best known pet communicator, says she gets about six cases of lost pets every day
IISc_SPICORProject_EN_F_OTHE_2670|Those inhouse media networks will become a vital piece of retailers business models, Forrester predicts, as they lure clients away from established ad agencies
IISc_SPICORProject_EN_F_OTHE_2620|Aao, kitna dum hai tumhari jailon mein, aao, bharo, she said
IISc_SPICORProject_EN_F_OTHE_3172|Sushil Kumar Modi takes a dig at Tejashwi Prasad Yadav 'greed'
IISc_SPICORProject_EN_F_OTHE_2064|Zee T V’s rebranding — Aaj likhenge Kal — was a highlight for me
IISc_SPICORProject_EN_F_OTHE_880|That's why my character says hamara focus bistar se jyaada kursi pe hai
IISc_SPICORProject_EN_F_OTHE_1189|Deepa Malik gets Khel Ratna, Swapna Barman, Sai Praneeth get Arjuna Award
IISc_SPICORProject_EN_F_OTHE_3420|Please vote for the rally, bachon ko bachana hai toh pehele pani bachana hai, he said
IISc_SPICORProject_EN_F_OTHE_2110|Mallikarjun Kharge writes to P M Modi, says will boycott Lokpal meetings
IISc_SPICORProject_EN_F_OTHE_719|Shiv Sena hits back after Devendra Fadnavis says ready for midterm polls
IISc_SPICORProject_EN_F_OTHE_1414|I had told him halli paharekarich chorya karaylaa laagale aahet , the Sena chief said
IISc_SPICORProject_EN_F_OTHE_1779|Sunny Leone shoots a sunglasses brand's ad at Filmistan Studio in Goregoan, Mumbai
IISc_SPICORProject_EN_F_OTHE_2440|Senior B J P leader Sushil Kumar Modi had described Manjhi as Kumar's kathputli
IISc_SPICORProject_EN_F_OTHE_3376|While Bhalerao held Siddiqui's legs, Mohol strangulated him with the string, sources said
IISc_SPICORProject_EN_F_OTHE_2306|Shiv Sena B J P Bal Thackeray Maharashtra assembly polls Aditya Thackeray Narendra Modi
IISc_SPICORProject_EN_F_OTHE_136|Yashoda Nandan, Kaushalya Nandan, Gandhari Putra, these were identities of a son, he said
IISc_SPICORProject_EN_F_OTHE_1508|Maine aisa Kaun sa Mulayamvirodhi kritya kiya tha What anti Mulayam deed I had committed? he said
IISc_SPICORProject_EN_F_OTHE_2910|C M Virbhadra's sisterinlaw Jyoti Sen joins B J P ahead of Himachal Pradesh polls
IISc_SPICORProject_EN_F_OTHE_3074|Interporatibility of Metro card has also increased commuters' numbers, a Metro official said
IISc_SPICORProject_EN_F_OTHE_2962|The event will take place on our dead bodies, Orixtt Por jecho Avaz spokesperson Freddy Fernandes said
IISc_SPICORProject_EN_F_OTHE_1011|State organiser Patanjali Yoga Samiti Dr Sudarshandevji Acharya presided over it
IISc_SPICORProject_EN_F_OTHE_561|Home Bollywood Taimur's playdate with Rannvijay Singha's daughter Kainaat is cutest moment of the day
IISc_SPICORProject_EN_F_OTHE_3529|Home Bollywood Anushka Sharma celebrates Virat Kohli's record breaking performance, says what a man
IISc_SPICORProject_EN_F_OTHE_2629|The Pulwama Shopian Kulgam region has become a hotbed of homegrown militants, the officials said
IISc_SPICORProject_EN_F_OTHE_3193|Maharashtra polls Naxal attack Surinder Kumar Jayant Patil S S Virk Audio story Home
IISc_SPICORProject_EN_F_OTHE_2046|Home Bollywood Janhvi Kapoor cuts her hair for photoshoot, says dad Boney Kapoor will kill her for it
IISc_SPICORProject_EN_F_OTHE_1316|The guide has led me to a house-the marble plaque at the gate says it's Betvic House-that has piqued my interest
IISc_SPICORProject_EN_F_OTHE_1214|Home Mumbai News Mumbai cabbie abducted for nudging bikers, flees after they forget to lock him up
IISc_SPICORProject_EN_F_POLI_7991|Youth leaders Pankaj Basotra, Sahil Sharma, Ajaz Chaudhary , Mudasser Ahmed, Ranjeet Chopra, Nimrandeep Singh, Amir Banday, Firdous Mingno and others also accompanied
IISc_SPICORProject_EN_F_POLI_6042|They are Aska MP Nityananda Pradhan, Koraput MP Jayram Pangi, Jajpur MP Mohan Jena and Keonjhar MP Yoshwant Singh laguri.
IISc_SPICORProject_EN_F_POLI_2557|Accused Paigambar Sheikh, Ahmad Ali, Nur Alam, Adil Sheikh, Dilwar Hossain, Abdul Karim and Arif Hussain are all members of J M B
IISc_SPICORProject_EN_F_POLI_4506|Clockwise from top left, Abdul Majid, Mehboob Guddu, Zakir Hussain, Amjad Khan, Mohammad Aqeel Khilji, Mohammad Khalid Ahmad, Mohammad Saliq, Mujeeb Sheikh
IISc_SPICORProject_EN_F_POLI_3024|The B J P candidates are leading from the Athani, Kagwad, Gokak, Yellapur, Hirekerur, Ranibennur, Vijayanagara, Chikkaballapur, K R Puram, Yeshvanthapura, Krishnarajapete and the Mahalakshmi Layout seats
IISc_SPICORProject_EN_F_POLI_890(1)|But, Sena dropped five of its former ministers from the preceding cabinet like Diwakar Raote, Ramdas Kadam, Ravindra Waikar, Tanaji Sawant and Deepak Kesarkar
IISc_SPICORProject_EN_F_POLI_6271|Dharmendra Pradhan, Piyush Goyal, Nirmala Sitharaman and Mukhtar Abbas Naqvi were all promoted as cabinet ministers, whose portfolios are expected to be announced shortly
IISc_SPICORProject_EN_F_POLI_5920|Social worker Hina Nayak, lecturer Rajkishore Rath, Kothakusanga G P Sarpanch Amulya Singh, P S Member Susant Patnaik, Ranjay Das, Avimanyu Prusty, Govind Nayak spoke
IISc_SPICORProject_EN_F_POLI_7610|Barring the Jat candidates, most candidates fielded by the B J P are Scheduled Castes, Punjabis, Brahmins, Baniyas, O B Cs, Gujjars, Yadavs, Sikhs and Muslims
IISc_SPICORProject_EN_F_POLI_4696|Kumar and Solicitor General Tushar Mehta visited the temple, and met Govardhan Peeth shankaracharya Swami Nischalananda Saraswati and Puri Gajapati Maharaja Dibyasingha Deb
IISc_SPICORProject_EN_F_POLI_1832|T D P's Andhra Pradesh unit chief Kala Venkat Rao, M P Galla Jayadev and senior leaders Kodela Sivaprasada Rao and Y Ramakrishnudu attended the celebrations
IISc_SPICORProject_EN_F_POLI_7605|Assembly Deputy Speaker Sananda Marandi, M P Baijayant Panda, Remuna M l A Sudarsan Jena, scribe Dillip Satpathy and Amresh Biswal were, among others, participating in the discussion
IISc_SPICORProject_EN_F_POLI_4739|Local Gandhian followers Upendra Prasad Panigrahi, Upendra Prasad Padhi, Bhakar Panigrahi and Sarbeswar Das were present
IISc_SPICORProject_EN_F_POLI_7283|The Congress fielded tea tribe candidates Kartik Kurmi, Keshab Prasad Rajak and Sushil Suri for the Rangapara, Ratabari and Sonari Seats
IISc_SPICORProject_EN_F_POLI_1781|Chief Minister Manohar Lal Khattar, cabinet ministers Rambilas Sharma, Captain Abhimanyu and Manish Grover have been campaigning for Middha
IISc_SPICORProject_EN_F_POLI_1047|They also burnt effigies of Brahmapur M P and actor Siddhant Mohapatra, actors Anubhav Mohanty and Papu Pompom and Chief Minister Naveen Patnaik
IISc_SPICORProject_EN_F_POLI_7798|Workers of Koderma, Chatra, Hazaribagh, Ramgrah, Bokaro, Dhanbad and Giridih would take part in that, said spokesperson Sailesh Sinha
IISc_SPICORProject_EN_F_POLI_3003|Bikram Arukha, Pratap Jena, Niranjan Pujari, Prafulla Mallick, Ashok Panda and Susanta Singh are among the legislators who retained their ministerial berths
IISc_SPICORProject_EN_F_POLI_1472(1)|Actor Kalki Koechlin presents an award to Diksha Bijlani, Shubhra Awasthy, and Cheryl Mukherji, students of Gargi College, at the National Youth Slam Poetry
IISc_SPICORProject_EN_F_POLI_2130|Other investors Digital Garage, BEENOS, Qualgro, Mamoru Taniya of Asuka holdings and existing investor SAIF Partners also participated in the round
IISc_SPICORProject_EN_F_POLI_4019|Students held similar protests and clashed with police in cities around the country on Tuesday, including Bandung, Yogyakarta, Malang, Palembang and Medan
IISc_SPICORProject_EN_F_POLI_7853|B J P candidates maintained lead in all nine segments in six parliamentary constituencies Ambala, Bhiwani, Mahendragarh, Karnal, Kurukshetra, Sirsa and Faridabad
IISc_SPICORProject_EN_F_POLI_3008|Montreal M P Alexandre Boulerice, the N D P's Quebec lieutenant, contested Ouellet's views, calling Quebec tolerant and inclusive Other M Ps made similar comments
IISc_SPICORProject_EN_F_POLI_1855|Devendra Chudasama Devendra Fadnavis greets Nana Chudasama on his birthday on Friday as the octogenarian's daughter Shaina N C looks on Salman Ansari, D N A
IISc_SPICORProject_EN_F_POLI_3542|Senior Ministers, including Dindigul C Srinivasan, S P Velumani, R B Udayakumar, Thangamani, C Ve Shanmugam Rajya Sabha M P V Vaithilingam, were present in the meeting
IISc_SPICORProject_EN_F_POLI_5869|A Bench comprising Justices Deepak Gupta and BR Gavai asked all these States to file their responses within four weeks
IISc_SPICORProject_EN_F_POLI_3512|The three toppers are Muktsar girl Navdeep Kaur ,Fazilka girl Khushdeep Kaur and Ludhiana girl Ravjeet Kaur
IISc_SPICORProject_EN_F_POLI_4357|Among the independent candidates who failed to get more votes than NOTA are Rajiv Chuni , Tarsem Lal Khullar and Satish Poonchi
IISc_SPICORProject_EN_F_POLI_3378|Bhabiji Ghar Par Hai is about two neighbours Manmohan Tiwari and his wife Angoori and Vibhuti Narayan Mishra and his wife Anita
IISc_SPICORProject_EN_F_POLI_4035|The Railways had provided six helpline numbers at Nagpur, Sewagram, Wardha, Ballarshah, Betul, Itarsi and Gondiya
IISc_SPICORProject_EN_F_POLI_5540|The test has increased military threats from India, said Senator Mushahid Hussain Sayed of opposition Pakistan Muslim league Quaid e Azam
IISc_SPICORProject_EN_F_POLI_1113|Local Congress leaders Rajnish Sharma, Hansraj Sachdeva, Mamtesh Sharma and others addressed a Press conference at a hotel in Roorkee on Friday
IISc_SPICORProject_EN_F_POLI_8302|In Bhopal, ex M L As Jitendra Daga has filed nomination from Huzur while another former M L A Brahmanand Ratnakar has rebelled from Berasia
IISc_SPICORProject_EN_F_POLI_7718|From North Chotanagpur over nine candidates will contest election covering Phusro, Domchanch, Jhumri Telaiya, Chirkunda and Ramgarh Nagar Parishads
IISc_SPICORProject_EN_F_POLI_7317|Judicial Magistrate Shalu Sirohi sent to jail Trilok Bhadoria, Ritesh Khullar, Jitendra Yadav, Jitendra Singh Thakur and Lashkar Pandit from Gwalior
IISc_SPICORProject_EN_F_POLI_922|Madras, Pizza, Kakhi Sattai, Nanbenda, Premam, Rajathandhiram, Irumughan, Aruvi, Kannadi, and NOTA are some of his most acclaimed works
IISc_SPICORProject_EN_F_POLI_2680|The names of Kaladhungi M L A and senior party leader Bansidhar Bhagat and Lalkuan M L A Navin Chand Dumka are making rounds in the party circles
IISc_SPICORProject_EN_F_POLI_7779|Among others, former Judge Uma Charan Mishra, State general secretary Doctor Jagabandhu Sadangi, advisor Sudhir Mohanty and Dinabandhu Sadangi were present
IISc_SPICORProject_EN_F_POLI_7579|According to sources, Naib Sarpanch Alekha Majhi, while returning to his village Dhaunradadar by a motorcycle with two others, was intercepted by the Maoists
IISc_SPICORProject_EN_F_WEAT_828|Nandulal Basi, Yellandu, Lavudya Bheelya, Rompedu, Jaggama, Gollapudi, Vasam Bikshamaiah, of Khammam and C Mariyama of Madhira died due to sunstroke
IISc_SPICORProject_EN_F_WEAT_5229|In the western suburbs, heavy showers drenched Vile Parle, Andheri, Jogeshwari, Juhu, Goregaon, Malad, Oshiwara, Kandivali, Borivali, Mira Road, Dahisar and Bhayander
IISc_SPICORProject_EN_F_WEAT_3750|According to the Meteorological department officials here, rain lashed Amritsar, Ludhiana, Patiala, Adampur, Pathankot, Bathinda, Faridkot, Gurdaspur, Halwara, Mohali and Jalandhar in Punjab
IISc_SPICORProject_EN_F_WEAT_1821|Dust storms are likely to be witnessed in Hoshangabad and Indore divisions, Chhindwara, Narsinghpur, Jabalpur, Seoni, Sehore and Bhopal districts
IISc_SPICORProject_EN_F_WEAT_4109|This year festive mood has gripped the seats of Maa Jagat Janani, Maa Sitala, Maa Kali, Maa Mangala and Maa Dongerdei in the town
IISc_SPICORProject_EN_F_WEAT_4351|Warning of ground frost like conditions in Gwalior, Datia, Morena, Khajuraho, Tikamgarh, Naugaon, Rewa, Umaria and Malajkhand has been issued by the Met department
IISc_SPICORProject_EN_F_WEAT_3054|The affected villages were Chindgaon, Kumhali, Beliyapal, Bandaji, Daabpal, Badeparoda, Belar and Sirisguda of Lohandiguda tehsil, villages of Takraguda under Tokapal Tehsil
IISc_SPICORProject_EN_F_WEAT_2927|Then, the student leaders, including Rohit Pandey, Deep Gunwant, Tanuj Durgapal and Godhan Fartyal, climbed the water tank at lakhanpur
IISc_SPICORProject_EN_F_WEAT_4815|On Thursday she would hold meetings at Maharjpur's Imalia, Niwadi's Mehgawan, Prithwipur's Simran Khas, Jatara's Barna and Tikamgarh's Buddha
IISc_SPICORProject_EN_F_WEAT_2807|Adani Gas has set up city gas distribution networks at Ahmedabad and Vadodara in Gujarat, Faridabad in Haryana and Khurja in Uttar Pradesh
IISc_SPICORProject_EN_F_WEAT_6917|The Srinagar areas that remained under restrictions for the second day today included Mahrajgunj, Rainwarai, Safa Kadal, Nowhatta Khanyar and Maisuma
IISc_SPICORProject_EN_F_WEAT_4461|Italy's Stefano Travaglia, Argentine Leonardo Mayer, Mikhail Youzhny of Russia and Serbian Filip Krajinovic all joined Berankis in citing the heat for retiring
IISc_SPICORProject_EN_F_WEAT_1134|In the coming session new agriculture colleges will be started in Mahasamund, Gariaband, Kurud, Korba, Jashpur, Chhuikhadan, Saja and Marra , officials said
IISc_SPICORProject_EN_F_WEAT_7279|Hosanagara, Thirthahalli, Sagara, Bhadravathi, Shikaripura, Soraba and Shivamogga received good spell of rains increasing water levels in Tunga and Malathi rivers
IISc_SPICORProject_EN_F_WEAT_378|For inspiration, scientists are looking at cloud computing services such as Google's online office software, photo sharing sites and Amazon dot com's data centre rental programme
IISc_SPICORProject_EN_F_WEAT_920|Due to heavy traffic, if the websites go slow, the students can get their results through exam e t c dot com, indiaresults dot com, examresults dot net, innovaindia dot com, knowyourresults dot com
IISc_SPICORProject_EN_F_WEAT_5032|Kishangarh, Malviya Nagar, Sainik Farms, Shahpur Jat, Vasant Kunj, Khanpur, Munirka affected by action
IISc_SPICORProject_EN_F_WEAT_5724|Agri Loan waivers across states, such as Uttar Pradesh, Madhya Pradesh and Maharashtra, which have begun to impact banks loan books
IISc_SPICORProject_EN_F_WEAT_7134|Then, a few months after they were pummelling by the Modi wave in the Lok Sabha elections, Prithviraj Chavan's government cleared the quotas
IISc_SPICORProject_EN_F_WEAT_3288|At present, areas like Naikawaddo, Tivai, Madda, Gaurawaddo, Porba Vaddo, Umta Waddo, Agarwaddo are facing water problem
IISc_SPICORProject_EN_F_WEAT_885|Similarly, crops were affected in the talukas of Peint, Trimbakeshwar, Devla, Baglan, Dindori, Surgana, Sinnar and Kalwan
IISc_SPICORProject_EN_F_WEAT_6154|He has been associated with writing or directing some four dozen films, including blockbusters such as Daraar, Aap Aaye Bahaar Aayi, and Charas
IISc_SPICORProject_EN_F_WEAT_6053|Alexa adds new features, including how-to videos from wikiHow, customizable morning and evening routines, and new privacy features
IISc_SPICORProject_EN_F_WEAT_2198|The collapse of the vented dam had caused many inconveniences to the residents of Gananthi, Nadjeeru, Kanipura, Pajjapu, and Sharavoor in Alankaru village
IISc_SPICORProject_EN_F_WEAT_7089|The route was diverted at many places including Bangugram, Makrena, Mahesana, Palanpur, Marwar and Phurela to avoid heavy displacements
IISc_SPICORProject_EN_F_WEAT_3659|While Madikeri, Napoklu, Bhagamandala, Talacauvery experienced heavy rain, Virajpet, Ponnampet, Kadanooru and Irpu experienced spells of moderate showers
IISc_SPICORProject_EN_F_WEAT_4765|They said people ran for safer places after land started cavingin at several places in Sonamarag, Gagangeer, Rayil, Hung and Ganiwan areas
IISc_SPICORProject_EN_F_WEAT_5117|Dogri translation of the world classic of Shakespeare's Julius Caesar by Madan Gopal Padha has found place in the Shakespeare Centre' Henley Street Stratford, U K
IISc_SPICORProject_EN_F_WEAT_3878|The fifth day of Diwali festivities is celebrated as the Bhai Dooj or Bhai Beej or Bhai Teeka Tilak
IISc_SPICORProject_EN_F_WEAT_26|Sources said crores of rupees had been sanctioned for the displaced villagers who lost their homes and lands due to the Rengali project
IISc_SPICORProject_EN_F_WEAT_5251|The drain created flood in the areas like Gajapati Nagar, Neelachal Nagar and Basudev Nagar, pointed out Gaya
IISc_SPICORProject_EN_F_WEAT_3197|The lack of selling pressure from arbitragers has left bitcoin prices in Korea tethered to the whims of the nation's individual investors
IISc_SPICORProject_EN_F_WEAT_1767|Reports said two teams of the AntiCorruption Bureau raided the houses of Gupta and Khajuria this afternoon and seized some documents
IISc_SPICORProject_EN_F_WEAT_2289|He further strengthened his hold over the Purple Cap with fourwicket spells against Rajasthan Royals, Kolkata Knight Riders and then Mumbai Indians
IISc_SPICORProject_EN_F_WEAT_1261|According to reports, seashore villages of Dahanu, Chinchani, Boisar, Safale and Kelve in Palghar district received heavy showers
IISc_SPICORProject_EN_F_WEAT_3292|Even as visitors throng the bakery for the Shrewsbury biscuits, regulars come in for fresh warm bread, soft mawa cakes, khari, nankhatai and cakes
IISc_SPICORProject_EN_F_WEAT_2954|Treated water from Kamsarat Nallah was supplied to Stewartgunj and adjoining villages including Ferrargunj, Tushnabad through water tankers
IISc_SPICORProject_EN_F_WEAT_6061|From the world of music, apart from Rajasthani musicians, there will be Wasifuddin Dagar, Pandit Krishna Mohan Bhatt, Sarah Mandie and Rukma Devi
IISc_SPICORProject_EN_F_WEAT_1296|They had contacted Desire Holidays sales manager Gopinath and managing director Anitha Pandy to discuss air tickets, visas and hotel bookings
IISc_SPICORProject_EN_F_WEAT_819|Adds Munnabhai, The changing scene in this area reflects the lifestyle of Ahmedabad where parties and eyecatching decorations are gaining importance
